{
      "providers": [
            {
                  "type": "bitmap",
                  "file": "minecraft:font/splitter.png",
                  "ascent": -9999,
                  "height": -2,
                  "chars": [
                        "󀀀"
                  ]
            },
            {
                  "type": "bitmap",
                  "file": "minecraft:font/pixel.png",
                  "ascent": -2000,
                  "height": -3,
                  "chars": [
                        "七"
                  ]
            },
            {
                  "file": "minecraft:font/gui/gui_resourcepack.png",
                  "chars": [
                        ""
                  ],
                  "height": 34,
                  "ascent": 9,
                  "type": "bitmap"
            },
            {
                  "file": "minecraft:font/pixel.png",
                  "chars": [
                        ""
                  ],
                  "height": -34,
                  "ascent": -5000,
                  "type": "bitmap"
            },
            {
                  "file": "minecraft:font/pixel.png",
                  "chars": [
                        ""
                  ],
                  "height": -5,
                  "ascent": -5000,
                  "type": "bitmap"
            },
            {
                  "file": "minecraft:font/pixel.png",
                  "chars": [
                        ""
                  ],
                  "height": -5,
                  "ascent": -5000,
                  "type": "bitmap"
            },
            {
                  "file": "minecraft:font/pixel.png",
                  "chars": [
                        ""
                  ],
                  "height": -66,
                  "ascent": -5000,
                  "type": "bitmap"
            },
            {
                  "file": "minecraft:font/pixel.png",
                  "chars": [
                        ""
                  ],
                  "height": -6,
                  "ascent": -5000,
                  "type": "bitmap"
            },
            {
                  "type": "bitmap",
                  "file": "minecraft:font/kenny.png",
                  "ascent": 7,
                  "height": 8,
                  "chars": [
                        "\u00CA"
                  ]
            },
            {
                  "type": "bitmap",
                  "file": "minecraft:font/gui/rtp_menu.png",
                  "ascent": 22,
                  "height": 256,
                  "chars": [
                        "\u1202"
                  ]
            },
            {
                  "type": "bitmap",
                  "file": "minecraft:font/gui/clan_menu.png",
                  "ascent": 22,
                  "height": 256,
                  "chars": [
                        "\u4EB8"
                  ]
            },
            {
                  "type": "bitmap",
                  "file": "minecraft:font/gui/mine_menu.png",
                  "ascent": 22,
                  "height": 256,
                  "chars": [
                        "\u4E8A"
                  ]
            },
            {
                  "type": "bitmap",
                  "file": "minecraft:font/gui/donatecase_menu.png",
                  "ascent": 22,
                  "height": 256,
                  "chars": [
                        "\u5687"
                  ]
            },
            {
                  "type": "bitmap",
                  "file": "minecraft:font/gui/nethercase_menu.png",
                  "ascent": 22,
                  "height": 256,
                  "chars": [
                        "\u3A12"
                  ]
            },
            {
                  "type": "bitmap",
                  "file": "minecraft:font/gui/check_menu.png",
                  "ascent": 22,
                  "height": 256,
                  "chars": [
                        "\u3404"
                  ]
            },
            {
                  "type": "bitmap",
                  "file": "minecraft:font/gui/kitcase_menu.png",
                  "ascent": 22,
                  "height": 256,
                  "chars": [
                        "\u3A13"
                  ]
            },
            {
                  "type": "bitmap",
                  "file": "minecraft:font/gui/join_menu.png",
                  "ascent": 22,
                  "height": 256,
                  "chars": [
                        "\u7A58"
                  ]
            },
            {
                  "type": "bitmap",
                  "file": "minecraft:font/gui/salary_menu.png",
                  "ascent": 22,
                  "height": 256,
                  "chars": [
                        "\u6285"
                  ]
            },
            {
                  "type": "bitmap",
                  "file": "minecraft:font/gui/clear_menu.png",
                  "ascent": 22,
                  "height": 256,
                  "chars": [
                        "\u3C23"
                  ]
            },
            {
                  "type": "bitmap",
                  "file": "minecraft:font/gui/moneycase_menu.png",
                  "ascent": 22,
                  "height": 256,
                  "chars": [
                        "\u3A14"
                  ]
            },
            {
                  "type": "bitmap",
                  "file": "minecraft:font/gui/seller_menu.png",
                  "ascent": 22,
                  "height": 256,
                  "chars": [
                        "\u3A15"
                  ]
            },
            {
                  "type": "bitmap",
                  "file": "minecraft:font/gui/auc_menu.png",
                  "ascent": 22,
                  "height": 256,
                  "chars": [
                        "\u3A16"
                  ]
            },
            {
                  "type": "bitmap",
                  "file": "minecraft:font/gui/auc1_menu.png",
                  "ascent": 22,
                  "height": 256,
                  "chars": [
                        "\u3A17"
                  ]
            },
            {
                  "type": "bitmap",
                  "file": "minecraft:font/gui/auc2_menu.png",
                  "ascent": 22,
                  "height": 256,
                  "chars": [
                        "\u3A18"
                  ]
            },
            {
                  "type": "bitmap",
                  "file": "minecraft:font/gui/alh_menu.png",
                  "ascent": 22,
                  "height": 256,
                  "chars": [
                        "\u3A19"
                  ]
            },
            {
                  "type": "bitmap",
                  "file": "minecraft:font/gui/menu_menu.png",
                  "ascent": 22,
                  "height": 256,
                  "chars": [
                        "\u3A1A"
                  ]
            },
            {
                  "type": "bitmap",
                  "file": "minecraft:font/gui/tags_menu.png",
                  "ascent": 22,
                  "height": 256,
                  "chars": [
                        "\u3A1B"
                  ]
            },
            {
                  "type": "bitmap",
                  "file": "minecraft:font/gui/donate_menu.png",
                  "ascent": 22,
                  "height": 256,
                  "chars": [
                        "\u4C45"
                  ]
            },
            {
                  "type": "bitmap",
                  "file": "minecraft:font/gui/illusionist_menu.png",
                  "ascent": 22,
                  "height": 256,
                  "chars": [
                        "\u4C46"
                  ]
            },
            {
                  "type": "bitmap",
                  "file": "minecraft:font/gui/vizir_menu.png",
                  "ascent": 22,
                  "height": 256,
                  "chars": [
                        "\u5276"
                  ]
            },
            {
                  "type": "bitmap",
                  "file": "minecraft:font/gui/dailycase_menu.png",
                  "ascent": 22,
                  "height": 256,
                  "chars": [
                        "\u3A11"
                  ]
            },
            {
                  "type": "bitmap",
                  "file": "minecraft:font/vsem.png",
                  "ascent": 7,
                  "height": 8,
                  "chars": [
                        "\u3E33"
                  ]
            },
            {
                  "type": "bitmap",
                  "file": "minecraft:font/rtp.png",
                  "ascent": 7,
                  "height": 8,
                  "chars": [
                        "\u3E47"
                  ]
            },
            {
                  "type": "bitmap",
                  "file": "minecraft:font/rtpt.png",
                  "ascent": 7,
                  "height": 12,
                  "chars": [
                        "\u3E4B"
                  ]
            },
            {
                  "type": "bitmap",
                  "file": "minecraft:font/mines/default.png",
                  "ascent": 7,
                  "height": 8,
                  "chars": [
                        "\u4E85"
                  ]
            },
            {
                  "type": "bitmap",
                  "file": "minecraft:font/mines/rare.png",
                  "ascent": 7,
                  "height": 8,
                  "chars": [
                        "\u4E86"
                  ]
            },
            {
                  "type": "bitmap",
                  "file": "minecraft:font/mines/epic.png",
                  "ascent": 7,
                  "height": 8,
                  "chars": [
                        "\u4E87"
                  ]
            },
            {
                  "type": "bitmap",
                  "file": "minecraft:font/mines/mythic.png",
                  "ascent": 7,
                  "height": 8,
                  "chars": [
                        "\u4E88"
                  ]
            },
            {
                  "type": "bitmap",
                  "file": "minecraft:font/mines/legend.png",
                  "ascent": 7,
                  "height": 8,
                  "chars": [
                        "\u4E89"
                  ]
            },
            {
                  "type": "bitmap",
                  "file": "minecraft:font/titles/title_weiny.png",
                  "ascent": 7,
                  "height": 8,
                  "chars": [
                        "\u0E03"
                  ]
            },
            {
                  "type": "bitmap",
                  "file": "minecraft:font/titles/title_danrick001.png",
                  "ascent": 7,
                  "height": 8,
                  "chars": [
                        "\u0C22"
                  ]
            },
            {
                  "type": "bitmap",
                  "file": "minecraft:font/titles/toptitle_gold.png",
                  "ascent": 7,
                  "height": 8,
                  "chars": [
                        "\u0784"
                  ]
            },
            {
                  "type": "bitmap",
                  "file": "minecraft:font/titles/toptitle_silver.png",
                  "ascent": 7,
                  "height": 8,
                  "chars": [
                        "\u0785"
                  ]
            },
            {
                  "type": "bitmap",
                  "file": "minecraft:font/titles/toptitle_med.png",
                  "ascent": 7,
                  "height": 8,
                  "chars": [
                        "\u0786"
                  ]
            },
            {
                  "type": "bitmap",
                  "file": "minecraft:font/titles/book.png",
                  "ascent": 7,
                  "height": 8,
                  "chars": [
                        "\u9F01"
                  ]
            },
            {
                  "type": "bitmap",
                  "file": "minecraft:font/titles/youtube.png",
                  "ascent": 7,
                  "height": 8,
                  "chars": [
                        "\u9FE6"
                  ]
            },
            {
                  "type": "bitmap",
                  "file": "minecraft:font/titles/mask1.png",
                  "ascent": 7,
                  "height": 8,
                  "chars": [
                        "\uA078"
                  ]
            },
            {
                  "type": "bitmap",
                  "file": "minecraft:font/titles/mask2.png",
                  "ascent": 7,
                  "height": 8,
                  "chars": [
                        "\uA077"
                  ]
            },
            {
                  "type": "bitmap",
                  "file": "minecraft:font/titles/mask3.png",
                  "ascent": 7,
                  "height": 8,
                  "chars": [
                        "\uA076"
                  ]
            },
            {
                  "type": "bitmap",
                  "file": "minecraft:font/titles/mask4.png",
                  "ascent": 7,
                  "height": 8,
                  "chars": [
                        "\uA075"
                  ]
            },
            {
                  "type": "bitmap",
                  "file": "minecraft:font/titles/mask5.png",
                  "ascent": 7,
                  "height": 8,
                  "chars": [
                        "\uA074"
                  ]
            },
            {
                  "type": "bitmap",
                  "file": "minecraft:font/titles/mask6.png",
                  "ascent": 7,
                  "height": 8,
                  "chars": [
                        "\uA073"
                  ]
            },
            {
                  "type": "bitmap",
                  "file": "minecraft:font/titles/mask7.png",
                  "ascent": 7,
                  "height": 8,
                  "chars": [
                        "\uA072"
                  ]
            },
            {
                  "type": "bitmap",
                  "file": "minecraft:font/titles/wing.png",
                  "ascent": 7,
                  "height": 8,
                  "chars": [
                        "\u4215"
                  ]
            },
            {
                  "type": "bitmap",
                  "file": "minecraft:font/titles/cup.png",
                  "ascent": 7,
                  "height": 8,
                  "chars": [
                        "\u4217"
                  ]
            },
            {
                  "type": "bitmap",
                  "file": "minecraft:font/titles/shield.png",
                  "ascent": 7,
                  "height": 8,
                  "chars": [
                        "\u421B"
                  ]
            },
            {
                  "type": "bitmap",
                  "file": "minecraft:font/titles/candy.png",
                  "ascent": 7,
                  "height": 8,
                  "chars": [
                        "\u421C"
                  ]
            },
            {
                  "type": "bitmap",
                  "file": "minecraft:font/titles/title_star.png",
                  "ascent": 7,
                  "height": 8,
                  "chars": [
                        "\u3E03"
                  ]
            },
            {
                  "type": "bitmap",
                  "file": "minecraft:font/titles/medal.png",
                  "ascent": 7,
                  "height": 8,
                  "chars": [
                        "\u3E49"
                  ]
            },
            {
                  "type": "bitmap",
                  "file": "minecraft:font/titles/hat3.png",
                  "ascent": 7,
                  "height": 8,
                  "chars": [
                        "\u3E16"
                  ]
            },
            {
                  "type": "bitmap",
                  "file": "minecraft:font/case.png",
                  "ascent": 7,
                  "height": 8,
                  "chars": [
                        "\u1002"
                  ]
            },
            {
                  "type": "bitmap",
                  "file": "minecraft:font/sclogo.png",
                  "ascent": 27,
                  "height": 50,
                  "chars": [
                        "\u1516"
                  ]
            },
            {
                  "type": "bitmap",
                  "file": "minecraft:font/sclogo_event.png",
                  "ascent": 27,
                  "height": 50,
                  "chars": [
                        "\u151F"
                  ]
            },
            {
                  "type": "bitmap",
                  "file": "minecraft:font/ip.png",
                  "ascent": 5,
                  "height": 16,
                  "chars": [
                        "\u15D7"
                  ]
            },
            {
                  "type": "bitmap",
                  "file": "minecraft:font/admin.png",
                  "ascent": 7,
                  "height": 8,
                  "chars": [
                        "\u0460"
                  ]
            },
            {
                  "type": "bitmap",
                  "file": "minecraft:font/player.png",
                  "ascent": 7,
                  "height": 8,
                  "chars": [
                        "\u58E0"
                  ]
            },
            {
                  "type": "bitmap",
                  "file": "minecraft:font/gmoder.png",
                  "ascent": 7,
                  "height": 8,
                  "chars": [
                        "\u58E1"
                  ]
            },
            {
                  "type": "bitmap",
                  "file": "minecraft:font/stmoder.png",
                  "ascent": 7,
                  "height": 8,
                  "chars": [
                        "\u58E2"
                  ]
            },
            {
                  "type": "bitmap",
                  "file": "minecraft:font/moder.png",
                  "ascent": 7,
                  "height": 8,
                  "chars": [
                        "\u58E3"
                  ]
            },
            {
                  "type": "bitmap",
                  "file": "minecraft:font/mlmoder.png",
                  "ascent": 7,
                  "height": 8,
                  "chars": [
                        "\u58E4"
                  ]
            },
            {
                  "type": "bitmap",
                  "file": "minecraft:font/helper.png",
                  "ascent": 7,
                  "height": 8,
                  "chars": [
                        "\u58E5"
                  ]
            },
            {
                  "type": "bitmap",
                  "file": "minecraft:font/yt.png",
                  "ascent": 7,
                  "height": 8,
                  "chars": [
                        "\u58E6"
                  ]
            },
            {
                  "type": "bitmap",
                  "file": "minecraft:font/kraken.png",
                  "ascent": 7,
                  "height": 8,
                  "chars": [
                        "\u58E8"
                  ]
            },
            {
                  "type": "bitmap",
                  "file": "minecraft:font/atlant.png",
                  "ascent": 7,
                  "height": 8,
                  "chars": [
                        "\u58E9"
                  ]
            },
            {
                  "type": "bitmap",
                  "file": "minecraft:font/triton.png",
                  "ascent": 7,
                  "height": 8,
                  "chars": [
                        "\u58EA"
                  ]
            },
            {
                  "type": "bitmap",
                  "file": "minecraft:font/poseidon.png",
                  "ascent": 7,
                  "height": 8,
                  "chars": [
                        "\u58EB"
                  ]
            },
            {
                  "type": "bitmap",
                  "file": "minecraft:font/guard.png",
                  "ascent": 7,
                  "height": 8,
                  "chars": [
                        "\u58EC"
                  ]
            },
            {
                  "type": "bitmap",
                  "file": "minecraft:font/kapitan.png",
                  "ascent": 7,
                  "height": 8,
                  "chars": [
                        "\u58ED"
                  ]
            },
            {
                  "type": "bitmap",
                  "file": "minecraft:font/pirat.png",
                  "ascent": 7,
                  "height": 8,
                  "chars": [
                        "\u58EE"
                  ]
            },
            {
                  "type": "bitmap",
                  "file": "minecraft:font/nether.png",
                  "ascent": 7,
                  "height": 8,
                  "chars": [
                        "\u24C3"
                  ]
            },
            {
                  "type": "bitmap",
                  "file": "minecraft:font/dollar.png",
                  "ascent": 7,
                  "height": 8,
                  "chars": [
                        "\u0024"
                  ]
            },
            {
                  "type": "bitmap",
                  "file": "minecraft:font/voskl.png",
                  "ascent": 7,
                  "height": 8,
                  "chars": [
                        "\u00DC"
                  ]
            },
            {
                  "type": "bitmap",
                  "file": "minecraft:font/gps.png",
                  "ascent": 7,
                  "height": 8,
                  "chars": [
                        "\u00FE"
                  ]
            },
            {
                  "type": "bitmap",
                  "file": "minecraft:font/chat_global.png",
                  "ascent": 7,
                  "height": 8,
                  "chars": [
                        "\u3D47"
                  ]
            },
            {
                  "type": "bitmap",
                  "file": "minecraft:font/chat_spawn.png",
                  "ascent": 7,
                  "height": 8,
                  "chars": [
                        "\u3A5A"
                  ]
            },
            {
                  "type": "bitmap",
                  "file": "minecraft:font/chat_local.png",
                  "ascent": 7,
                  "height": 8,
                  "chars": [
                        "\u4B59"
                  ]
            },
            {
                  "type": "bitmap",
                  "file": "minecraft:font/system.png",
                  "ascent": 7,
                  "height": 8,
                  "chars": [
                        "\u0102"
                  ]
            },
            {
                  "ascent": -32768,
                  "chars": [
                        "각"
                  ],
                  "file": "minecraft:ui/pixel_nosplit.png",
                  "height": -130,
                  "type": "bitmap"
            },
            {
                  "ascent": 7,
                  "chars": [
                        ""
                  ],
                  "file": "minecraft:ui/menu_footer.png",
                  "height": 108,
                  "type": "bitmap"
            },
            {
                  "ascent": 86,
                  "chars": [
                        "가"
                  ],
                  "file": "minecraft:ui/logo_1.png",
                  "height": 94,
                  "type": "bitmap"
            },
            {
                  "ascent": 86,
                  "chars": [
                        "丗"
                  ],
                  "file": "minecraft:ui/logo_2.png",
                  "height": 94,
                  "type": "bitmap"
            },
            {
                  "ascent": -32768,
                  "chars": [
                        "각"
                  ],
                  "file": "minecraft:ui/pixel_nosplit.png",
                  "height": -130,
                  "type": "bitmap"
            }
      ]
}