{
    "parent": "item/generated",
    "textures": {
        "layer0": "item/experience_bottle"
    },
    "overrides": [
        {"predicate": {"custom_model_data":1}, "model": "guis/items/exp1"},
        {"predicate": {"custom_model_data":2}, "model": "guis/items/exp1"},
        {"predicate": {"custom_model_data":3}, "model": "guis/items/exp1"},
        {"predicate": {"custom_model_data":4}, "model": "guis/items/exp1"},
        {"predicate": {"custom_model_data":5}, "model": "guis/items/exp1"},
        {"predicate": {"custom_model_data":6}, "model": "guis/items/exp1"},
        {"predicate": {"custom_model_data":7}, "model": "guis/items/exp1"},
        {"predicate": {"custom_model_data":8}, "model": "guis/items/exp1"},
        {"predicate": {"custom_model_data":9}, "model": "guis/items/exp1"},
        {"predicate": {"custom_model_data":10}, "model": "guis/items/exp2"},
        {"predicate": {"custom_model_data":11}, "model": "guis/items/exp2"},
        {"predicate": {"custom_model_data":12}, "model": "guis/items/exp2"},
        {"predicate": {"custom_model_data":13}, "model": "guis/items/exp2"},
        {"predicate": {"custom_model_data":14}, "model": "guis/items/exp2"},
        {"predicate": {"custom_model_data":15}, "model": "guis/items/exp3"},
        {"predicate": {"custom_model_data":16}, "model": "guis/items/exp3"},
        {"predicate": {"custom_model_data":17}, "model": "guis/items/exp3"},
        {"predicate": {"custom_model_data":18}, "model": "guis/items/exp3"},
        {"predicate": {"custom_model_data":19}, "model": "guis/items/exp3"},
        {"predicate": {"custom_model_data":20}, "model": "guis/items/exp3"},
        {"predicate": {"custom_model_data":21}, "model": "guis/items/exp3"},
        {"predicate": {"custom_model_data":22}, "model": "guis/items/exp3"},
        {"predicate": {"custom_model_data":23}, "model": "guis/items/exp3"},
        {"predicate": {"custom_model_data":24}, "model": "guis/items/exp3"},
        {"predicate": {"custom_model_data":25}, "model": "guis/items/exp3"},
        {"predicate": {"custom_model_data":26}, "model": "guis/items/exp3"},
        {"predicate": {"custom_model_data":27}, "model": "guis/items/exp3"},
        {"predicate": {"custom_model_data":28}, "model": "guis/items/exp3"},
        {"predicate": {"custom_model_data":29}, "model": "guis/items/exp3"},
        {"predicate": {"custom_model_data":30}, "model": "guis/items/exp3"},
        {"predicate": {"custom_model_data":31}, "model": "guis/items/exp3"},
        {"predicate": {"custom_model_data":32}, "model": "guis/items/exp3"},
        {"predicate": {"custom_model_data":33}, "model": "guis/items/exp3"},
        {"predicate": {"custom_model_data":34}, "model": "guis/items/exp3"},
        {"predicate": {"custom_model_data":35}, "model": "guis/items/exp3"},
        {"predicate": {"custom_model_data":36}, "model": "guis/items/exp3"},
        {"predicate": {"custom_model_data":37}, "model": "guis/items/exp3"},
        {"predicate": {"custom_model_data":38}, "model": "guis/items/exp3"},
        {"predicate": {"custom_model_data":39}, "model": "guis/items/exp3"},
        {"predicate": {"custom_model_data":40}, "model": "guis/items/exp3"},
        {"predicate": {"custom_model_data":41}, "model": "guis/items/exp3"},
        {"predicate": {"custom_model_data":42}, "model": "guis/items/exp3"},
        {"predicate": {"custom_model_data":43}, "model": "guis/items/exp3"},
        {"predicate": {"custom_model_data":44}, "model": "guis/items/exp3"},
        {"predicate": {"custom_model_data":45}, "model": "guis/items/exp4"},
        {"predicate": {"custom_model_data":46}, "model": "guis/items/exp4"},
        {"predicate": {"custom_model_data":47}, "model": "guis/items/exp4"},
        {"predicate": {"custom_model_data":48}, "model": "guis/items/exp4"},
        {"predicate": {"custom_model_data":49}, "model": "guis/items/exp4"},
        {"predicate": {"custom_model_data":50}, "model": "guis/items/exp4"},
        {"predicate": {"custom_model_data":51}, "model": "guis/items/exp4"},
        {"predicate": {"custom_model_data":52}, "model": "guis/items/exp4"},
        {"predicate": {"custom_model_data":53}, "model": "guis/items/exp4"},
        {"predicate": {"custom_model_data":54}, "model": "guis/items/exp4"},
        {"predicate": {"custom_model_data":55}, "model": "guis/items/exp4"},
        {"predicate": {"custom_model_data":56}, "model": "guis/items/exp4"},
        {"predicate": {"custom_model_data":57}, "model": "guis/items/exp4"},
        {"predicate": {"custom_model_data":58}, "model": "guis/items/exp4"},
        {"predicate": {"custom_model_data":59}, "model": "guis/items/exp4"},
        {"predicate": {"custom_model_data":60}, "model": "guis/items/exp4"},
        {"predicate": {"custom_model_data":61}, "model": "guis/items/exp4"},
        {"predicate": {"custom_model_data":62}, "model": "guis/items/exp4"},
        {"predicate": {"custom_model_data":63}, "model": "guis/items/exp4"},
        {"predicate": {"custom_model_data":64}, "model": "guis/items/exp4"},
        {"predicate": {"custom_model_data":65}, "model": "guis/items/exp4"},
        {"predicate": {"custom_model_data":66}, "model": "guis/items/exp4"},
        {"predicate": {"custom_model_data":67}, "model": "guis/items/exp4"},
        {"predicate": {"custom_model_data":68}, "model": "guis/items/exp4"},
        {"predicate": {"custom_model_data":69}, "model": "guis/items/exp4"},
        {"predicate": {"custom_model_data":70}, "model": "guis/items/exp4"},
        {"predicate": {"custom_model_data":71}, "model": "guis/items/exp4"},
        {"predicate": {"custom_model_data":72}, "model": "guis/items/exp4"},
        {"predicate": {"custom_model_data":73}, "model": "guis/items/exp4"},
        {"predicate": {"custom_model_data":74}, "model": "guis/items/exp4"},
        {"predicate": {"custom_model_data":75}, "model": "guis/items/exp4"},
        {"predicate": {"custom_model_data":76}, "model": "guis/items/exp4"},
        {"predicate": {"custom_model_data":77}, "model": "guis/items/exp4"},
        {"predicate": {"custom_model_data":78}, "model": "guis/items/exp4"},
        {"predicate": {"custom_model_data":79}, "model": "guis/items/exp4"},
        {"predicate": {"custom_model_data":80}, "model": "guis/items/exp4"},
        {"predicate": {"custom_model_data":81}, "model": "guis/items/exp4"},
        {"predicate": {"custom_model_data":82}, "model": "guis/items/exp4"},
        {"predicate": {"custom_model_data":83}, "model": "guis/items/exp4"},
        {"predicate": {"custom_model_data":84}, "model": "guis/items/exp4"},
        {"predicate": {"custom_model_data":85}, "model": "guis/items/exp4"},
        {"predicate": {"custom_model_data":86}, "model": "guis/items/exp4"},
        {"predicate": {"custom_model_data":87}, "model": "guis/items/exp4"},
        {"predicate": {"custom_model_data":88}, "model": "guis/items/exp4"},
        {"predicate": {"custom_model_data":89}, "model": "guis/items/exp4"},
        {"predicate": {"custom_model_data":90}, "model": "guis/items/exp4"},
        {"predicate": {"custom_model_data":91}, "model": "guis/items/exp4"},
        {"predicate": {"custom_model_data":92}, "model": "guis/items/exp4"},
        {"predicate": {"custom_model_data":93}, "model": "guis/items/exp4"},
        {"predicate": {"custom_model_data":94}, "model": "guis/items/exp4"},
        {"predicate": {"custom_model_data":95}, "model": "guis/items/exp4"},
        {"predicate": {"custom_model_data":96}, "model": "guis/items/exp4"},
        {"predicate": {"custom_model_data":97}, "model": "guis/items/exp4"},
        {"predicate": {"custom_model_data":98}, "model": "guis/items/exp4"},
        {"predicate": {"custom_model_data":99}, "model": "guis/items/exp4"},
        {"predicate": {"custom_model_data":100}, "model": "guis/items/exp4"},
        {"predicate": {"custom_model_data":101}, "model": "guis/items/exp4"},
        {"predicate": {"custom_model_data":102}, "model": "guis/items/exp4"}


        ]
}
